msa_position	paralog_position	node	ancestral_state	prob
1	1	N106	P	1.0
2	2	N106	T	0.998424
3	3	N106	Y	0.995291
4	4	N106	K	0.999535
5	5	N106	A	0.99986
6	6	N106	L	0.996682
7	7	N106	Y	0.999812
8	8	N106	D	0.999782
9	9	N106	F	0.960961
10	10	N106	A	0.947311
11	11	N106	G	0.950661
12	12	N106	T	0.849763
13	13	N106	-	1.0
14	0	N106	-	1.0
15	14	N106	S	0.968175
16	15	N106	A	0.959589
17	16	N106	N	0.9963
18	17	N106	E	0.997745
19	0	N106	-	1.0
20	18	N106	L	0.994143
21	0	N106	-	1.0
22	19	N106	S	0.992273
23	20	N106	I	0.988029
24	21	N106	S	0.98286
25	22	N106	K	0.998813
26	23	N106	D	0.999615
27	24	N106	E	0.998764
28	25	N106	I	0.929996
29	26	N106	V	0.94896
30	27	N106	Y	0.639053
31	28	N106	I	0.732863
32	29	N106	L	0.947314
33	30	N106	Q	0.985199
34	31	N106	K	0.999682
35	32	N106	E	0.994393
36	0	N106	-	1.0
37	0	N106	-	1.0
38	0	N106	-	1.0
39	0	N106	-	1.0
40	0	N106	-	1.0
41	0	N106	-	1.0
42	0	N106	-	1.0
43	0	N106	-	1.0
44	0	N106	-	1.0
45	0	N106	-	1.0
46	0	N106	-	1.0
47	0	N106	-	1.0
48	0	N106	-	1.0
49	0	N106	-	1.0
50	0	N106	-	1.0
51	33	N106	D	0.955512
52	0	N106	-	1.0
53	0	N106	-	1.0
54	0	N106	-	1.0
55	0	N106	-	1.0
56	0	N106	-	1.0
57	34	N106	N	0.999914
58	35	N106	G	0.999999
59	0	N106	-	1.0
60	0	N106	-	1.0
61	0	N106	-	1.0
62	0	N106	-	1.0
63	0	N106	-	1.0
64	0	N106	-	1.0
65	36	N106	W	1.0
66	37	N106	W	0.999999
67	38	N106	L	0.999646
68	39	N106	A	0.999482
69	40	N106	K	0.995431
70	41	N106	K	0.993828
71	42	N106	L	0.961049
72	0	N106	-	1.0
73	0	N106	-	1.0
74	0	N106	-	1.0
75	0	N106	-	1.0
76	0	N106	-	1.0
77	0	N106	-	1.0
78	0	N106	-	1.0
79	0	N106	-	1.0
80	0	N106	-	1.0
81	43	N106	D	0.999135
82	44	N106	G	0.825598
83	0	N106	-	1.0
84	45	N106	S	0.977424
85	0	N106	-	1.0
86	0	N106	-	1.0
87	0	N106	-	1.0
88	0	N106	-	1.0
89	0	N106	-	1.0
90	0	N106	-	1.0
91	0	N106	-	1.0
92	0	N106	-	1.0
93	0	N106	-	1.0
94	0	N106	-	1.0
95	0	N106	-	1.0
96	0	N106	-	1.0
97	0	N106	-	1.0
98	0	N106	-	1.0
99	0	N106	-	1.0
100	0	N106	-	1.0
101	0	N106	-	1.0
102	0	N106	-	1.0
103	0	N106	-	1.0
104	0	N106	-	1.0
105	0	N106	-	1.0
106	0	N106	-	1.0
107	0	N106	-	1.0
108	0	N106	-	1.0
109	0	N106	-	1.0
110	0	N106	-	1.0
111	0	N106	-	1.0
112	0	N106	-	1.0
113	0	N106	-	1.0
114	0	N106	-	1.0
115	0	N106	-	1.0
116	46	N106	K	0.726903
117	47	N106	E	0.996175
118	48	N106	G	0.999999
119	49	N106	W	1.0
120	50	N106	V	0.772152
121	51	N106	P	1.0
122	52	N106	A	0.996665
123	53	N106	A	0.447258
124	0	N106	-	1.0
125	0	N106	-	1.0
126	0	N106	-	1.0
127	0	N106	-	1.0
128	0	N106	-	1.0
129	0	N106	-	1.0
130	0	N106	-	1.0
131	0	N106	-	1.0
132	0	N106	-	1.0
133	0	N106	-	1.0
134	0	N106	-	1.0
135	0	N106	-	1.0
136	0	N106	-	1.0
137	0	N106	-	1.0
138	0	N106	-	1.0
139	0	N106	-	1.0
140	0	N106	-	1.0
141	0	N106	-	1.0
142	0	N106	-	1.0
143	0	N106	-	1.0
144	0	N106	-	1.0
145	0	N106	-	1.0
146	0	N106	-	1.0
147	0	N106	-	1.0
148	54	N106	Y	0.999978
149	55	N106	L	0.614181
150	56	N106	E	0.999169
151	57	N106	E	0.999857
152	58	N106	V	0.883546
153	59	N106	K	0.988862
